{
    "name": "root",
    "gauges": {
        "track01_ArcadeDriver.Policy.Entropy.mean": {
            "value": 1.322050929069519,
            "min": 1.289476752281189,
            "max": 2.1966631412506104,
            "count": 285
        },
        "track01_ArcadeDriver.Environment.EpisodeLength.mean": {
            "value": 999.0,
            "min": 33.25,
            "max": 999.0,
            "count": 261
        },
        "track01_ArcadeDriver.Policy.ExtrinsicValueEstimate.mean": {
            "value": 11.839098930358887,
            "min": -0.18179023265838623,
            "max": 11.950596809387207,
            "count": 285
        },
        "track01_ArcadeDriver.Policy.GAILValueEstimate.mean": {
            "value": 0.04255342110991478,
            "min": 0.041185133159160614,
            "max": 0.7105807065963745,
            "count": 285
        },
        "track01_ArcadeDriver.Environment.CumulativeReward.mean": {
            "value": 288.9717493057251,
            "min": -0.7065447979959948,
            "max": 289.3401575088501,
            "count": 260
        },
        "track01_ArcadeDriver.Policy.ExtrinsicReward.mean": {
            "value": 288.9717493057251,
            "min": -0.7065447979959948,
            "max": 289.3401575088501,
            "count": 260
        },
        "track01_ArcadeDriver.Policy.GAILReward.mean": {
            "value": 0.11901724222116172,
            "min": 0.0,
            "max": 12.139710314979311,
            "count": 260
        },
        "track01_ArcadeDriver.IsTraining.mean": {
            "value": 1.0,
            "min": 1.0,
            "max": 1.0,
            "count": 285
        },
        "track01_ArcadeDriver.Losses.ValueLoss.mean": {
            "value": 2.976736307144165,
            "min": 0.7704343199729919,
            "max": 3.8339078426361084,
            "count": 27
        },
        "track01_ArcadeDriver.Losses.PolicyLoss.mean": {
            "value": 0.03184037655591965,
            "min": 0.02947779931128025,
            "max": 0.040329575538635254,
            "count": 27
        },
        "track01_ArcadeDriver.Policy.LearningRate.mean": {
            "value": 0.00019999887445010245,
            "min": 0.00019999887445010245,
            "max": 0.00019999995129182935,
            "count": 27
        },
        "track01_ArcadeDriver.Losses.GAILLoss.mean": {
            "value": 3.8165853023529053,
            "min": 1.8674585819244385,
            "max": 5.892714023590088,
            "count": 27
        },
        "track01_ArcadeDriver.Policy.GAILPolicyEstimate.mean": {
            "value": 0.01167650893330574,
            "min": 0.0010640529217198491,
            "max": 0.3620625138282776,
            "count": 27
        },
        "track01_ArcadeDriver.Policy.GAILExpertEstimate.mean": {
            "value": 0.9949394464492798,
            "min": 0.8995756506919861,
            "max": 0.9957395195960999,
            "count": 27
        },
        "track01_ArcadeDriver.Losses.PretrainingLoss.mean": {
            "value": 0.0,
            "min": 0.0,
            "max": 0.740839421749115,
            "count": 27
        }
    },
    "metadata": {
        "timer_format_version": "0.1.0",
        "start_time_seconds": "1651231793",
        "python_version": "3.7.0 (v3.7.0:1bf9cc5093, Jun 26 2018, 23:26:24) \n[Clang 6.0 (clang-600.0.57)]",
        "command_line_arguments": "/Library/Frameworks/Python.framework/Versions/3.7/bin/mlagents-learn /Users/jue/Desktop/DIA_cw/Karting/Assets/DIA_coursework/ML_config/mix.yaml --run-id=track01",
        "mlagents_version": "0.16.1",
        "mlagents_envs_version": "0.16.1",
        "communication_protocol_version": "1.0.0",
        "tensorflow_version": "2.0.4",
        "end_time_seconds": "1651232636"
    },
    "total": 843.5746337569999,
    "count": 1,
    "self": 0.0006602559999464575,
    "children": {
        "run_training.setup": {
            "total": 0.007663562999999929,
            "count": 1,
            "self": 0.007663562999999929
        },
        "TrainerController.start_learning": {
            "total": 843.5663099379999,
            "count": 1,
            "self": 30.086498423000762,
            "children": {
                "TrainerController._reset_env": {
                    "total": 6.036844444,
                    "count": 1,
                    "self": 6.036844444
                },
                "demo_to_buffer": {
                    "total": 0.5342144459999982,
                    "count": 2,
                    "self": 0.0009139750000013436,
                    "children": {
                        "load_demonstration": {
                            "total": 0.00618155899999806,
                            "count": 2,
                            "self": 0.005043681999998384,
                            "children": {
                                "read_file": {
                                    "total": 0.0011378769999996763,
                                    "count": 2,
                                    "self": 0.0011378769999996763
                                }
                            }
                        },
                        "make_demo_buffer": {
                            "total": 0.5271189119999988,
                            "count": 2,
                            "self": 0.12096106999996614,
                            "children": {
                                "steps_from_proto": {
                                    "total": 0.4061578420000327,
                                    "count": 3200,
                                    "self": 0.26309763400004194,
                                    "children": {
                                        "_process_vector_observation": {
                                            "total": 0.14306020799999075,
                                            "count": 6400,
                                            "self": 0.14306020799999075
                                        }
                                    }
                                }
                            }
                        }
                    }
                },
                "TrainerController.advance": {
                    "total": 806.4302422129992,
                    "count": 95912,
                    "self": 0.9207982129877337,
                    "children": {
                        "env_step": {
                            "total": 805.5094440000115,
                            "count": 95912,
                            "self": 726.1291452700091,
                            "children": {
                                "SubprocessEnvManager._take_step": {
                                    "total": 78.24397306799688,
                                    "count": 95912,
                                    "self": 2.434934050994201,
                                    "children": {
                                        "NNPolicy.evaluate": {
                                            "total": 75.80903901700268,
                                            "count": 95097,
                                            "self": 75.80903901700268
                                        }
                                    }
                                },
                                "workers": {
                                    "total": 1.1363256620056195,
                                    "count": 95911,
                                    "self": 0.0,
                                    "children": {
                                        "worker_root": {
                                            "total": 840.4214303600163,
                                            "count": 95911,
                                            "is_parallel": true,
                                            "self": 228.27961720002543,