{
    "name": "root",
    "gauges": {
        "track04_ArcadeDriver.Policy.Entropy.mean": {
            "value": 1.0815138816833496,
            "min": 1.0544291734695435,
            "max": 2.196119785308838,
            "count": 426
        },
        "track04_ArcadeDriver.Environment.EpisodeLength.mean": {
            "value": 999.0,
            "min": 32.0,
            "max": 999.0,
            "count": 320
        },
        "track04_ArcadeDriver.Policy.ExtrinsicValueEstimate.mean": {
            "value": 14.73947811126709,
            "min": 0.08623005449771881,
            "max": 14.801074981689453,
            "count": 426
        },
        "track04_ArcadeDriver.Policy.GAILValueEstimate.mean": {
            "value": 0.026204822584986687,
            "min": -0.13239768147468567,
            "max": 0.47739723324775696,
            "count": 426
        },
        "track04_ArcadeDriver.Environment.CumulativeReward.mean": {
            "value": 269.32496070861816,
            "min": -0.23464617133140564,
            "max": 273.2013363838196,
            "count": 328
        },
        "track04_ArcadeDriver.Policy.ExtrinsicReward.mean": {
            "value": 269.32496070861816,
            "min": -0.23464617133140564,
            "max": 273.2013363838196,
            "count": 328
        },
        "track04_ArcadeDriver.Policy.GAILReward.mean": {
            "value": 0.059213095461018384,
            "min": 0.0,
            "max": 4.920925438404083,
            "count": 328
        },
        "track04_ArcadeDriver.IsTraining.mean": {
            "value": 1.0,
            "min": 1.0,
            "max": 1.0,
            "count": 426
        },
        "track04_ArcadeDriver.Losses.ValueLoss.mean": {
            "value": 1.8136686086654663,
            "min": 1.164541244506836,
            "max": 3.34712290763855,
            "count": 41
        },
        "track04_ArcadeDriver.Losses.PolicyLoss.mean": {
            "value": 0.04121154174208641,
            "min": 0.029803764075040817,
            "max": 0.04121154174208641,
            "count": 41
        },
        "track04_ArcadeDriver.Policy.LearningRate.mean": {
            "value": 0.00019999832147732377,
            "min": 0.00019999832147732377,
            "max": 0.00019999995129182935,
            "count": 41
        },
        "track04_ArcadeDriver.Losses.GAILLoss.mean": {
            "value": 2.8677780628204346,
            "min": 2.020876169204712,
            "max": 6.991445541381836,
            "count": 41
        },
        "track04_ArcadeDriver.Policy.GAILPolicyEstimate.mean": {
            "value": 0.0011312655406072736,
            "min": 0.000631367729511112,
            "max": 0.41444727778434753,
            "count": 41
        },
        "track04_ArcadeDriver.Policy.GAILExpertEstimate.mean": {
            "value": 0.9956817626953125,
            "min": 0.8110317587852478,
            "max": 0.9976261258125305,
            "count": 41
        },
        "track04_ArcadeDriver.Losses.PretrainingLoss.mean": {
            "value": 0.0,
            "min": 0.0,
            "max": 0.6918792128562927,
            "count": 41
        }
    },
    "metadata": {
        "timer_format_version": "0.1.0",
        "start_time_seconds": "1651237072",
        "python_version": "3.7.0 (v3.7.0:1bf9cc5093, Jun 26 2018, 23:26:24) \n[Clang 6.0 (clang-600.0.57)]",
        "command_line_arguments": "/Library/Frameworks/Python.framework/Versions/3.7/bin/mlagents-learn /Users/jue/Desktop/DIA_cw/Karting/Assets/DIA_coursework/ML_config/mix.yaml --run-id=track04",
        "mlagents_version": "0.16.1",
        "mlagents_envs_version": "0.16.1",
        "communication_protocol_version": "1.0.0",
        "tensorflow_version": "2.0.4",
        "end_time_seconds": "1651238227"
    },
    "total": 1154.564214013,
    "count": 1,
    "self": 0.0006129070002316439,
    "children": {
        "run_training.setup": {
            "total": 0.009473016999999917,
            "count": 1,
            "self": 0.009473016999999917
        },
        "TrainerController.start_learning": {
            "total": 1154.554128089,
            "count": 1,
            "self": 46.06325932799723,
            "children": {
                "TrainerController._reset_env": {
                    "total": 5.727043424,
                    "count": 1,
                    "self": 5.727043424
                },
                "demo_to_buffer": {
                    "total": 0.3595141030000004,
                    "count": 2,
                    "self": 0.0005955039999996359,
                    "children": {
                        "load_demonstration": {
                            "total": 0.004997389000001462,
                            "count": 2,
                            "self": 0.003940400999999483,
                            "children": {
                                "read_file": {
                                    "total": 0.0010569880000019793,
                                    "count": 2,
                                    "self": 0.0010569880000019793
                                }
                            }
                        },
                        "make_demo_buffer": {
                            "total": 0.3539212099999993,
                            "count": 2,
                            "self": 0.08199569099999238,
                            "children": {
                                "steps_from_proto": {
                                    "total": 0.27192551900000694,
                                    "count": 2164,
                                    "self": 0.17493261899994828,
                                    "children": {
                                        "_process_vector_observation": {
                                            "total": 0.09699290000005867,
                                            "count": 4328,
                                            "self": 0.09699290000005867
                                        }
                                    }
                                }
                            }
                        }
                    }
                },
                "TrainerController.advance": {
                    "total": 1101.7426271190027,
                    "count": 143360,
                    "self": 1.4211128980009562,
                    "children": {
                        "env_step": {
                            "total": 1100.3215142210017,
                            "count": 143360,
                            "self": 979.7116696930278,
                            "children": {
                                "SubprocessEnvManager._take_step": {
                                    "total": 118.93336614898294,
                                    "count": 143360,
                                    "self": 3.6877834049669787,
                                    "children": {
                                        "NNPolicy.evaluate": {
                                            "total": 115.24558274401596,
                                            "count": 142274,
                                            "self": 115.24558274401596
                                        }
                                    }
                                },
                                "workers": {
                                    "total": 1.6764783789909465,
                                    "count": 143359,
                                    "self": 0.0,
                                    "children": {
                                        "worker_root": {
                                            "total": 1149.9522046090174,
                                            "count": 143359,
                                            "is_parallel": true,
                                            "self": 347.949529651019,