{
    "name": "root",
    "gauges": {
        "track05_ArcadeDriver.Policy.Entropy.mean": {
            "value": 1.104666829109192,
            "min": 1.085073709487915,
            "max": 2.19663143157959,
            "count": 677
        },
        "track05_ArcadeDriver.Environment.EpisodeLength.mean": {
            "value": 999.0,
            "min": 27.352941176470587,
            "max": 999.0,
            "count": 484
        },
        "track05_ArcadeDriver.Policy.ExtrinsicValueEstimate.mean": {
            "value": 20.317272186279297,
            "min": -0.20182301104068756,
            "max": 20.447437286376953,
            "count": 677
        },
        "track05_ArcadeDriver.Policy.GAILValueEstimate.mean": {
            "value": 0.013406266458332539,
            "min": -0.21655778586864471,
            "max": 0.2912216782569885,
            "count": 677
        },
        "track05_ArcadeDriver.Environment.CumulativeReward.mean": {
            "value": 296.81223487854004,
            "min": -0.8411303537232535,
            "max": 298.1359214782715,
            "count": 484
        },
        "track05_ArcadeDriver.Policy.ExtrinsicReward.mean": {
            "value": 296.81223487854004,
            "min": -0.8411303537232535,
            "max": 298.1359214782715,
            "count": 484
        },
        "track05_ArcadeDriver.Policy.GAILReward.mean": {
            "value": 0.6526797578553669,
            "min": 0.0,
            "max": 134.8592929840088,
            "count": 484
        },
        "track05_ArcadeDriver.IsTraining.mean": {
            "value": 1.0,
            "min": 1.0,
            "max": 1.0,
            "count": 677
        },
        "track05_ArcadeDriver.Losses.ValueLoss.mean": {
            "value": 1.6379504203796387,
            "min": 0.8621144890785217,
            "max": 3.8387532234191895,
            "count": 65
        },
        "track05_ArcadeDriver.Losses.PolicyLoss.mean": {
            "value": 0.0341368205845356,
            "min": 0.025879796594381332,
            "max": 0.04343580827116966,
            "count": 65
        },
        "track05_ArcadeDriver.Policy.LearningRate.mean": {
            "value": 0.00019999728829134256,
            "min": 0.00019999728829134256,
            "max": 0.00019999995129182935,
            "count": 65
        },
        "track05_ArcadeDriver.Losses.GAILLoss.mean": {
            "value": 2.329251289367676,
            "min": 1.9131996631622314,
            "max": 6.07084321975708,
            "count": 65
        },
        "track05_ArcadeDriver.Policy.GAILPolicyEstimate.mean": {
            "value": 0.0017425367841497064,
            "min": 0.0005385791882872581,
            "max": 0.40140172839164734,
            "count": 65
        },
        "track05_ArcadeDriver.Policy.GAILExpertEstimate.mean": {
            "value": 0.9910751581192017,
            "min": 0.8823701739311218,
            "max": 0.9965363144874573,
            "count": 65
        },
        "track05_ArcadeDriver.Losses.PretrainingLoss.mean": {
            "value": 0.0,
            "min": 0.0,
            "max": 0.6708223223686218,
            "count": 65
        }
    },
    "metadata": {
        "timer_format_version": "0.1.0",
        "start_time_seconds": "1651238884",
        "python_version": "3.7.0 (v3.7.0:1bf9cc5093, Jun 26 2018, 23:26:24) \n[Clang 6.0 (clang-600.0.57)]",
        "command_line_arguments": "/Library/Frameworks/Python.framework/Versions/3.7/bin/mlagents-learn /Users/jue/Desktop/DIA_cw/Karting/Assets/DIA_coursework/ML_config/mix.yaml --run-id=track05",
        "mlagents_version": "0.16.1",
        "mlagents_envs_version": "0.16.1",
        "communication_protocol_version": "1.0.0",
        "tensorflow_version": "2.0.4",
        "end_time_seconds": "1651240137"
    },
    "total": 1252.900961613,
    "count": 1,
    "self": 0.0018801499998062354,
    "children": {
        "run_training.setup": {
            "total": 0.009062895000000015,
            "count": 1,
            "self": 0.009062895000000015
        },
        "TrainerController.start_learning": {
            "total": 1252.8900185680002,
            "count": 1,
            "self": 53.59512205302167,
            "children": {
                "TrainerController._reset_env": {
                    "total": 4.896391073,
                    "count": 1,
                    "self": 4.896391073
                },
                "demo_to_buffer": {
                    "total": 0.5344337279999998,
                    "count": 2,
                    "self": 0.0009184950000005188,
                    "children": {
                        "load_demonstration": {
                            "total": 0.008595730999999773,
                            "count": 2,
                            "self": 0.007084702999998527,
                            "children": {
                                "read_file": {
                                    "total": 0.0015110280000012466,
                                    "count": 2,
                                    "self": 0.0015110280000012466
                                }
                            }
                        },
                        "make_demo_buffer": {
                            "total": 0.5249195019999995,
                            "count": 2,
                            "self": 0.12166105899989432,
                            "children": {
                                "steps_from_proto": {
                                    "total": 0.40325844300010516,
                                    "count": 3232,
                                    "self": 0.26018715000020265,
                                    "children": {
                                        "_process_vector_observation": {
                                            "total": 0.1430712929999025,
                                            "count": 6464,
                                            "self": 0.1430712929999025
                                        }
                                    }
                                }
                            }
                        }
                    }
                },
                "TrainerController.advance": {
                    "total": 1193.1713692819783,
                    "count": 136913,
                    "self": 1.412841059973971,
                    "children": {
                        "env_step": {
                            "total": 1191.7585282220043,
                            "count": 136913,
                            "self": 1069.1932735189916,
                            "children": {
                                "SubprocessEnvManager._take_step": {
                                    "total": 120.92387677902195,
                                    "count": 136913,
                                    "self": 3.798981937014389,
                                    "children": {
                                        "NNPolicy.evaluate": {
                                            "total": 117.12489484200756,
                                            "count": 135563,
                                            "self": 117.12489484200756
                                        }
                                    }
                                },
                                "workers": {
                                    "total": 1.6413779239906,
                                    "count": 136912,
                                    "self": 0.0,
                                    "children": {
                                        "worker_root": {
                                            "total": 1247.3517188110163,
                                            "count": 136912,
                                            "is_parallel": true,
                                            "self": 384.4092457250324,